{"cameraMode":{"drawMode":0,"name":"Shaded","section":"Shading Mode"},"sceneLighting":false,"audioPlay":false,"sceneViewState":{"showFog":true,"showMaterialUpdate":false,"showSkybox":true,"showFlares":true,"showImageEffects":true,"showParticleSystems":true},"in2DMode":false,"pivot":{"x":-18.837135314941408,"y":-108.48210906982422,"z":38.63261032104492},"rotation":{"x":-0.5712785124778748,"y":0.21816319227218629,"z":-0.16087695956230164,"w":-0.7747027277946472},"size":170.93508911132813,"orthographic":false}