{"cameraMode":{"drawMode":0,"name":"Shaded","section":"Shading Mode"},"sceneLighting":false,"audioPlay":false,"sceneViewState":{"showFog":true,"showMaterialUpdate":false,"showSkybox":true,"showFlares":true,"showImageEffects":true,"showParticleSystems":true},"in2DMode":false,"pivot":{"x":79.23682403564453,"y":49.20167541503906,"z":-6.254931449890137},"rotation":{"x":0.17923268675804139,"y":-0.663485050201416,"z":0.1682852953672409,"w":0.7066422700881958},"size":-54.63094711303711,"orthographic":false}