{"cameraMode":{"drawMode":0,"name":"Shaded","section":"Shading Mode"},"sceneLighting":false,"audioPlay":false,"sceneViewState":{"showFog":true,"showMaterialUpdate":false,"showSkybox":true,"showFlares":true,"showImageEffects":true,"showParticleSystems":true},"in2DMode":false,"pivot":{"x":21.080711364746095,"y":2.7104740142822267,"z":0.1439990997314453},"rotation":{"x":-0.08016188442707062,"y":0.6818418502807617,"z":-0.07558204978704453,"w":-0.7231550216674805},"size":88.3211441040039,"orthographic":false}