{"cameraMode":{"drawMode":0,"name":"Shaded","section":"Shading Mode"},"sceneLighting":false,"audioPlay":false,"sceneViewState":{"showFog":true,"showMaterialUpdate":false,"showSkybox":true,"showFlares":true,"showImageEffects":true,"showParticleSystems":true},"in2DMode":false,"pivot":{"x":36.07658004760742,"y":28.145950317382814,"z":-5.482400417327881},"rotation":{"x":0.3314846158027649,"y":-0.6169666051864624,"z":0.3207284212112427,"w":0.637654721736908},"size":11.906646728515625,"orthographic":false}